{"train": {"detector_loss": [0.9948352575302124, 0.9734998345375061, 0.9630370140075684, 0.9582880735397339, 0.9537563323974609, 0.9514234066009521, 0.9513342976570129, 0.95216304063797, 0.9870112538337708, 0.9999998807907104, 0.9999998807907104, 0.9999998807907104, 0.9999998807907104, 0.9999998807907104, 0.9999998807907104, 0.9999998807907104, 0.9999998807907104, 0.9999998807907104, 0.9999998807907104, 0.9999998807907104, 0.9999998807907104, 0.9999998807907104, 0.9999998807907104, 0.9999998807907104, 0.9999998807907104, 0.9999998211860657, 0.9999998807907104, 0.9766637682914734, 0.9579094648361206, 0.9560844302177429, 0.9603764414787292, 0.9544966220855713, 0.9536740779876709, 0.956051230430603, 0.9540197849273682, 0.952888548374176, 0.9525766372680664, 0.9523758888244629, 0.9521020650863647, 0.9529710412025452, 0.9520193338394165, 0.9528141021728516, 0.9519827961921692, 0.9528692960739136, 0.9530751705169678, 0.9524528980255127, 0.9521893858909607, 0.9521222114562988, 0.9521836042404175, 0.9521228671073914, 0.9520096182823181, 0.9523664116859436, 0.9520729184150696, 0.951820433139801, 0.9526137709617615, 0.9517953991889954, 0.9519685506820679, 0.952046811580658, 0.951586902141571, 0.9513821601867676, 0.9509885311126709, 0.9562638401985168, 0.9510998129844666, 0.950577437877655, 0.9508072137832642, 0.9505244493484497, 0.9503981471061707, 0.950230598449707, 0.9501250982284546, 0.9505191445350647, 0.950435221195221, 0.9501370787620544, 0.9594537615776062, 0.9784989953041077, 0.9999998807907104, 0.9999998807907104, 0.9999998807907104, 0.9999998807907104, 0.9999998807907104, 0.9999998807907104, 0.9999998807907104, 0.9999998807907104, 0.9999998807907104, 0.9999998807907104, 0.9999998807907104, 0.9999998807907104, 0.9999998807907104, 0.9999998807907104, 0.9999998807907104], "descriptor_loss": [2.2901227474212646, 2.1874120235443115, 2.147087335586548, 2.1218771934509277, 2.136848211288452, 2.161348819732666, 2.165644407272339, 2.156445026397705, 2.1693780422210693, 2.134517192840576, 2.1521103382110596, 2.13895845413208, 2.1421518325805664, 2.167283058166504, 2.155277729034424, 2.142263889312744, 2.137143611907959, 2.1405587196350098, 2.1643145084381104, 2.1475107669830322, 2.129342794418335, 2.114208698272705, 2.1491236686706543, 2.137442111968994, 2.1150035858154297, 2.127472162246704, 2.14629864692688, 2.1594011783599854, 2.1312859058380127, 2.114149570465088, 2.163210868835449, 2.1371400356292725, 2.123180627822876, 2.1005020141601562, 2.1070632934570312, 2.13223934173584, 2.1293294429779053, 2.1327297687530518, 2.119035243988037, 2.1337976455688477, 2.121426582336426, 2.0996334552764893, 2.1201038360595703, 2.1050944328308105, 2.1157917976379395, 2.126148223876953, 2.0830347537994385, 2.141921043395996, 2.150724411010742, 2.1349971294403076, 2.100654125213623, 2.129157781600952, 2.1042726039886475, 2.127497673034668, 2.141658067703247, 2.1046907901763916, 2.1389262676239014, 2.134249687194824, 2.1265382766723633, 2.1106996536254883, 2.105510711669922, 2.1377034187316895, 2.1104135513305664, 2.117262363433838, 2.1188108921051025, 2.1337480545043945, 2.1084160804748535, 2.132002592086792, 2.1221842765808105, 2.1412556171417236, 2.1456260681152344, 2.115666627883911, 2.098503828048706, 2.1582109928131104, 2.147346019744873, 2.145207166671753, 2.139221429824829, 2.1324427127838135, 2.184277057647705, 2.154745101928711, 2.12825345993042, 2.131683826446533, 2.172229766845703, 2.1576249599456787, 2.1325042247772217, 2.161721706390381, 2.132822275161743, 2.1437771320343018, 2.1617205142974854], "overall_loss": [3.284958004951477, 3.1609118580818176, 3.110124349594116, 3.0801652669906616, 3.090604543685913, 3.112772226333618, 3.116978704929352, 3.108608067035675, 3.15638929605484, 3.1345170736312866, 3.15211021900177, 3.1389583349227905, 3.142151713371277, 3.1672829389572144, 3.1552776098251343, 3.1422637701034546, 3.1371434926986694, 3.14055860042572, 3.164314389228821, 3.1475106477737427, 3.1293426752090454, 3.1142085790634155, 3.1491235494613647, 3.1374419927597046, 3.11500346660614, 3.1274719834327698, 3.1462985277175903, 3.1360649466514587, 3.0891953706741333, 3.070234000682831, 3.1235873103141785, 3.0916366577148438, 3.076854705810547, 3.0565532445907593, 3.0610830783843994, 3.085127890110016, 3.0819060802459717, 3.0851056575775146, 3.071137309074402, 3.086768686771393, 3.0734459161758423, 3.052447557449341, 3.0720866322517395, 3.057963728904724, 3.0688669681549072, 3.078601121902466, 3.035224139690399, 3.094043254852295, 3.1029080152511597, 3.087119996547699, 3.052663743495941, 3.0815241932868958, 3.056345522403717, 3.079318106174469, 3.0942718386650085, 3.056486189365387, 3.0908948183059692, 3.086296498775482, 3.0781251788139343, 3.062081813812256, 3.0564992427825928, 3.0939672589302063, 3.061513364315033, 3.067839801311493, 3.0696181058883667, 3.0842725038528442, 3.058814227581024, 3.082233190536499, 3.072309374809265, 3.0917747616767883, 3.0960612893104553, 3.0658037066459656, 3.0579575896263123, 3.136709988117218, 3.1473459005355835, 3.1452070474624634, 3.1392213106155396, 3.132442593574524, 3.1842769384384155, 3.1547449827194214, 3.1282533407211304, 3.1316837072372437, 3.1722296476364136, 3.157624840736389, 3.132504105567932, 3.1617215871810913, 3.1328221559524536, 3.143777012825012, 3.161720395088196], "fourier_weights": []}, "val": {"detector_loss": [0.9920933246612549, 0.9661056995391846, 0.9602828621864319, 0.9562050700187683, 0.9523553848266602, 0.9507914185523987, 0.9504032135009766, 0.9506703615188599, 0.9999996423721313, 0.9999996423721313, 0.9999996423721313, 0.9999996423721313, 0.9999996423721313, 0.9999996423721313, 0.9999996423721313, 0.9999996423721313, 0.9999996423721313, 0.9999996423721313, 0.9999996423721313, 0.9999996423721313, 0.9999996423721313, 0.9999996423721313, 0.9999996423721313, 0.9999996423721313, 0.9999996423721313, 0.9999996423721313, 0.9999996423721313, 0.9562311172485352, 0.9615018367767334, 0.9520865082740784, 0.9555633068084717, 0.9539015889167786, 0.9521937966346741, 0.9546483755111694, 0.9531565308570862, 0.9528293609619141, 0.9525632262229919, 0.9520496726036072, 0.9518893361091614, 0.9524240493774414, 0.9515541791915894, 0.9517726898193359, 0.9516859650611877, 0.953359067440033, 0.9526327848434448, 0.9522769451141357, 0.9522690176963806, 0.951924741268158, 0.9521404504776001, 0.9520552754402161, 0.9519162774085999, 0.9522879719734192, 0.9519325494766235, 0.9516818523406982, 0.9522467851638794, 0.9516146779060364, 0.951949417591095, 0.9516576528549194, 0.951465904712677, 0.9512267708778381, 0.9505984783172607, 0.9516283273696899, 0.9507675170898438, 0.9503576755523682, 0.9505375623703003, 0.9504637122154236, 0.950340211391449, 0.950176477432251, 0.9500623345375061, 0.9500014781951904, 0.9503104090690613, 0.9500610828399658, 0.9509896636009216, 0.9999996423721313, 0.9999996423721313, 0.9999996423721313, 0.9999996423721313, 0.9999996423721313, 0.9999996423721313, 0.9999996423721313, 0.9999996423721313, 0.9999996423721313, 0.9999996423721313, 0.9999996423721313, 0.9999996423721313, 0.9999996423721313, 0.9999996423721313, 0.9999996423721313, 0.9999996423721313],