{"train": {"overall_loss": [3.282834768295288, 3.1233060359954834, 2.9985945224761963, 2.3469104766845703, 1.9058403968811035, 1.6927509307861328, 1.5968601703643799, 1.5265573263168335, 1.5026271343231201, 1.461991310119629, 1.3975341320037842, 1.339176058769226, 1.3130911588668823, 1.2762451171875, 1.2488356828689575, 1.2324352264404297, 1.2048765420913696, 1.1670687198638916, 1.1654876470565796, 1.1556161642074585, 1.1261392831802368, 1.1021095514297485, 1.1047639846801758, 1.0698202848434448, 1.045221209526062, 1.0483455657958984, 1.0240886211395264, 1.0181611776351929, 1.0005589723587036, 0.9913244843482971, 0.9786860346794128, 0.9633162021636963, 0.9587749242782593, 0.9520429372787476, 0.9317169189453125, 0.91851806640625, 0.934207558631897, 0.9096893072128296, 0.9036675691604614, 0.9012641906738281, 0.8894734382629395, 0.8810887932777405, 0.860708475112915, 0.8712084889411926, 0.8565633893013, 0.8558125495910645, 0.8493961095809937, 0.8416138291358948, 0.8488080501556396, 0.8403010964393616, 0.8364916443824768, 0.8341501951217651, 0.8235682249069214, 0.8031606674194336, 0.8170425891876221, 0.791975736618042, 0.7983323931694031, 0.792298436164856, 0.7788338661193848, 0.7930843830108643, 0.8059982061386108, 0.7836734056472778, 0.774968683719635, 0.7887994050979614, 0.7678669691085815, 0.7597615718841553, 0.7580662369728088, 0.7589811086654663, 0.7541033029556274, 0.7499120235443115, 0.7521368861198425, 0.7429584860801697, 0.7557409405708313, 0.7372643351554871, 0.7401607036590576, 0.7391809821128845, 0.7342924475669861, 0.7206119894981384, 0.721037745475769, 0.7246816158294678, 0.7165613174438477, 0.731886625289917, 0.7233296036720276, 0.7131069302558899, 0.7109066247940063, 0.7067121267318726, 0.7060840725898743, 0.7051205635070801, 0.6957111954689026, 0.6950828433036804, 0.6917505860328674, 0.7002388834953308, 0.6896377205848694, 0.6975428462028503, 0.6858832240104675, 0.6811014413833618, 0.6791592240333557, 0.674003541469574, 0.6827797293663025, 0.6776160001754761], "detector_loss": [0.9948422312736511, 0.9701130986213684, 0.9531140923500061, 0.9651798009872437, 0.9225248098373413, 0.912846028804779, 0.9090712070465088, 0.9094948768615723, 0.9044874310493469, 0.9047718644142151, 0.9031104445457458, 0.9050324559211731, 0.9010945558547974, 0.899238646030426, 0.894157886505127, 0.9017927050590515, 0.8926582932472229, 0.881649374961853, 0.8972980380058289, 0.8909006118774414, 0.8728113770484924, 0.865492045879364, 0.8659029603004456, 0.8574968576431274, 0.8445290923118591, 0.849122941493988, 0.8368769288063049, 0.8368855118751526, 0.8365934491157532, 0.8259141445159912, 0.8163910508155823, 0.8096004128456116, 0.8110268115997314, 0.8107219338417053, 0.7898919582366943, 0.7867580056190491, 0.7978904247283936, 0.7779621481895447, 0.7851334810256958, 0.7799779772758484, 0.77573561668396, 0.7678728103637695, 0.75690096616745, 0.7655686736106873, 0.7544291615486145, 0.7646968364715576, 0.7546472549438477, 0.7481077313423157, 0.7541329264640808, 0.74443519115448, 0.750769317150116, 0.7442508339881897, 0.7384339570999146, 0.7265834808349609, 0.7415906190872192, 0.7214792370796204, 0.7310065031051636, 0.7232896089553833, 0.7128231525421143, 0.7248651385307312, 0.7343458533287048, 0.7195888757705688, 0.7125502824783325, 0.7260112762451172, 0.7137920260429382, 0.7046464681625366, 0.7019814252853394, 0.7016288042068481, 0.7004951238632202, 0.6958045363426208, 0.6980733871459961, 0.6932402849197388, 0.7019580602645874, 0.6855574250221252, 0.6863042712211609, 0.6894540786743164, 0.6857888102531433, 0.6726367473602295, 0.6776022911071777, 0.6776024103164673, 0.6732146143913269, 0.6912090182304382, 0.6823638677597046, 0.6706954836845398, 0.6684229373931885, 0.6650221347808838, 0.6643375158309937, 0.6657840609550476, 0.6568289995193481, 0.6583458781242371, 0.6531439423561096, 0.6621997356414795, 0.6529057621955872, 0.6608799695968628, 0.6520038843154907, 0.6454347968101501, 0.645804226398468, 0.6390500068664551, 0.6497370600700378, 0.6447322368621826], "descriptor_loss": [2.287992477416992, 2.1531929969787598, 2.045480489730835, 1.3817307949066162, 0.9833155274391174, 0.779904842376709, 0.6877890229225159, 0.6170624494552612, 0.598139762878418, 0.5572195053100586, 0.4944237470626831, 0.4341435730457306, 0.41199660301208496, 0.3770064115524292, 0.35467782616615295, 0.3306425213813782, 0.3122182786464691, 0.2854192852973938, 0.2681896388530731, 0.2647155225276947, 0.253327876329422, 0.2366175353527069, 0.23886096477508545, 0.212323397397995, 0.2006920874118805, 0.1992226392030716, 0.18721166253089905, 0.1812756508588791, 0.16396553814411163, 0.16541032493114471, 0.16229498386383057, 0.15371578931808472, 0.14774814248085022, 0.14132098853588104, 0.14182496070861816, 0.13176004588603973, 0.1363171637058258, 0.1317271590232849, 0.11853410303592682, 0.12128618359565735, 0.11373784393072128, 0.11321599036455154, 0.10380750894546509, 0.10563981533050537, 0.10213421285152435, 0.09111572057008743, 0.0947488322854042, 0.0935061052441597, 0.09467515349388123, 0.09586592763662338, 0.08572234213352203, 0.08989933878183365, 0.08513423800468445, 0.07657720148563385, 0.07545199245214462, 0.07049652934074402, 0.0673258975148201, 0.06900880485773087, 0.0660107433795929, 0.06821921467781067, 0.0716523751616478, 0.06408455967903137, 0.062418390065431595, 0.06278814375400543, 0.0540749728679657, 0.05511511489748955, 0.056084830313920975, 0.05735233053565025, 0.05360814929008484, 0.05410749837756157, 0.054063476622104645, 0.04971817880868912, 0.0537828765809536, 0.051706936210393906, 0.053856443613767624, 0.049726903438568115, 0.048503629863262177, 0.04797522723674774, 0.04343542829155922, 0.0470791831612587, 0.04334672912955284, 0.04067758470773697, 0.040965743362903595, 0.0424114353954792, 0.04248365759849548, 0.04168999195098877, 0.04174654558300972, 0.03933647647500038, 0.03888218104839325, 0.036736954003572464, 0.038606636226177216, 0.03803914785385132, 0.03673197329044342, 0.03666289523243904, 0.0338793620467186, 0.03566662594676018, 0.03335501626133919, 0.0349535271525383, 0.03304268419742584, 0.03288378566503525]},